Date,Edits
2025-01-01,317
2025-01-02,407
2025-01-03,321
2025-01-04,423
2025-01-05,557
2025-01-06,878
2025-01-07,384
2025-01-08,569
2025-01-09,421
2025-01-10,368
2025-01-11,976
2025-01-12,691
2025-01-13,525
2025-01-14,401
2025-01-15,574
2025-01-16,438
2025-01-17,579
2025-01-18,355
2025-01-19,617
2025-01-20,469
2025-01-21,494
2025-01-22,643
2025-01-23,323
2025-01-24,443
2025-01-25,445
2025-01-26,326
2025-01-27,312
2025-01-28,469
2025-01-29,688
2025-01-30,643
2025-01-31,603
2025-02-01,279
2025-02-02,392
2025-02-03,359
2025-02-04,578
2025-02-05,843
2025-02-06,520
2025-02-07,482
2025-02-08,508
2025-02-09,367
2025-02-10,314
2025-02-11,368
2025-02-12,443
2025-02-13,492
2025-02-14,294
2025-02-15,262
2025-02-16,240
2025-02-17,461
2025-02-18,411
2025-02-19,226
2025-02-20,179
2025-02-21,449
2025-02-22,242
2025-02-23,315
2025-02-24,325
2025-02-25,365
2025-02-26,437
2025-02-27,254
2025-02-28,359
2025-03-01,319
2025-03-02,212
2025-03-03,354
2025-03-04,631
2025-03-05,545
2025-03-06,459
2025-03-07,599
2025-03-08,491
2025-03-09,279
2025-03-10,415
2025-03-11,448
2025-03-12,493
2025-03-13,483
2025-03-14,360
2025-03-15,260
2025-03-16,412
2025-03-17,499
2025-03-18,374
2025-03-19,466
2025-03-20,1465
2025-03-21,942
2025-03-22,1192
2025-03-23,445
2025-03-24,534
2025-03-25,988
2025-03-26,727
2025-03-27,672
2025-03-28,582
2025-03-29,533
2025-03-30,536
2025-03-31,785
2025-04-01,523
2025-04-02,547
2025-04-03,378
2025-04-04,403
2025-04-05,358
2025-04-06,829
2025-04-07,655
2025-04-08,484
2025-04-09,527
2025-04-10,413
2025-04-11,561
2025-04-12,404
2025-04-13,690
2025-04-14,640
2025-04-15,2068
2025-04-16,1683
2025-04-17,471
2025-04-18,358
2025-04-19,479
2025-04-20,598
2025-04-21,481
2025-04-22,438
2025-04-23,400
2025-04-24,433
2025-04-25,278
2025-04-26,691
2025-04-27,487
2025-04-28,512
2025-04-29,441
2025-04-30,387
2025-05-01,341
2025-05-02,375
2025-05-03,589
2025-05-04,381
2025-05-05,710
2025-05-06,709
2025-05-07,604
2025-05-08,726
2025-05-09,502
2025-05-10,507
2025-05-11,383
2025-05-12,231
2025-05-13,462
2025-05-14,1398
2025-05-15,858
2025-05-16,750
2025-05-17,457
2025-05-18,565
2025-05-19,892
2025-05-20,779
2025-05-21,513
2025-05-22,708
2025-05-23,740
2025-05-24,413
2025-05-25,471
2025-05-26,460
2025-05-27,433
2025-05-28,475
2025-05-29,1274
2025-05-30,969
2025-05-31,647
2025-06-01,1248
2025-06-02,370
2025-06-03,861
2025-06-04,376
2025-06-05,364
2025-06-06,556
2025-06-07,373
2025-06-08,412
2025-06-09,339
2025-06-10,381
2025-06-11,351
2025-06-12,356
2025-06-13,631
2025-06-14,234
2025-06-15,321
2025-06-16,1213
2025-06-17,788
2025-06-18,532
2025-06-19,448
2025-06-20,404
2025-06-21,307
2025-06-22,711
2025-06-23,409
2025-06-24,360
2025-06-25,1107
2025-06-26,1204
2025-06-27,991
2025-06-28,597
2025-06-29,436
2025-06-30,393
2025-07-01,477
2025-07-02,839
2025-07-03,533
2025-07-04,522
2025-07-05,425
2025-07-06,468
2025-07-07,581
2025-07-08,618
2025-07-09,734
2025-07-10,363
2025-07-11,495
2025-07-12,707
2025-07-13,500
2025-07-14,326
2025-07-15,610
2025-07-16,752
2025-07-17,615
2025-07-18,474
2025-07-19,413
2025-07-20,457
2025-07-21,669
2025-07-22,612
2025-07-23,3301
2025-07-24,2314
2025-07-25,1770
2025-07-26,1356
2025-07-27,1142
2025-07-28,836
2025-07-29,688
2025-07-30,1059
2025-07-31,732
2025-08-01,676
2025-08-02,561
2025-08-03,851
2025-08-04,675
2025-08-05,857
2025-08-06,1016
2025-08-07,802
2025-08-08,651
2025-08-09,651
2025-08-10,608
2025-08-11,670
2025-08-12,734
2025-08-13,684
2025-08-14,725
2025-08-15,977
2025-08-16,653
2025-08-17,447
2025-08-18,501
2025-08-19,700
2025-08-20,743
2025-08-21,1006
2025-08-22,1003
2025-08-23,565
2025-08-24,446
2025-08-25,627
2025-08-26,700
2025-08-27,796
2025-08-28,606
2025-08-29,502
2025-08-30,449
2025-08-31,486
2025-09-01,535
2025-09-02,526
2025-09-03,827
2025-09-04,697
2025-09-05,507
2025-09-06,584
2025-09-07,536
2025-09-08,654
2025-09-09,448
2025-09-10,1052
2025-09-11,445
2025-09-12,656
2025-09-13,554
2025-09-14,607
2025-09-15,628
2025-09-16,485
2025-09-17,465
2025-09-18,502
2025-09-19,557
2025-09-20,366
2025-09-21,577
2025-09-22,485
2025-09-23,456
2025-09-24,350
2025-09-25,2834
2025-09-26,784
2025-09-27,544
2025-09-28,734
2025-09-29,555
2025-09-30,424
2025-10-01,597
2025-10-02,353
2025-10-03,504
2025-10-04,338
2025-10-05,381
2025-10-06,433
2025-10-07,469
2025-10-08,418
2025-10-09,364
2025-10-10,516
2025-10-11,667
2025-10-12,699
2025-10-13,775
2025-10-14,639
2025-10-15,1298
2025-10-16,529
2025-10-17,487
2025-10-18,432
2025-10-19,501
2025-10-20,379
2025-10-21,280
2025-10-22,375
2025-10-23,331
2025-10-24,467
2025-10-25,351
2025-10-26,346
2025-10-27,351
2025-10-28,448
2025-10-29,524
2025-10-30,434
2025-10-31,533
2025-11-01,958
2025-11-02,391
2025-11-03,519
2025-11-04,649
2025-11-05,1223
2025-11-06,1730
2025-11-07,1400
2025-11-08,755
2025-11-09,1352
2025-11-10,675
2025-11-11,569
2025-11-12,2420
2025-11-13,1736
2025-11-14,1594
2025-11-15,948
2025-11-16,1031
2025-11-17,2253
2025-11-18,2098
2025-11-19,6900
2025-11-20,5366
2025-11-21,5048
2025-11-22,4652
2025-11-23,2801
2025-11-24,4048
2025-11-25,2142
2025-11-26,2410
2025-11-27,1256
2025-11-28,1124
2025-11-29,1410
2025-11-30,1163
2025-12-01,1073
2025-12-02,955
2025-12-03,1264
2025-12-04,798
2025-12-05,857
2025-12-06,860
2025-12-07,990
2025-12-08,898
2025-12-09,753
2025-12-10,951
2025-12-11,777
2025-12-12,965
2025-12-13,516
2025-12-14,821
2025-12-15,859
2025-12-16,774
2025-12-17,783
2025-12-18,680
2025-12-19,866
2025-12-20,544
2025-12-21,873
2025-12-22,851
2025-12-23,685
2025-12-24,582
2025-12-25,378
2025-12-26,497
2025-12-27,761
2025-12-28,731
2025-12-29,576
2025-12-30,641
2025-12-31,451
