Day,Pageviews
2025-01-01,1193135
2025-01-02,1165812
2025-01-03,1174413
2025-01-04,1275208
2025-01-05,1337083
2025-01-06,1228576
2025-01-07,1073140
2025-01-08,1075485
2025-01-09,1055155
2025-01-10,1069811
2025-01-11,1198789
2025-01-12,1296999
2025-01-13,1228563
2025-01-14,1151248
2025-01-15,1114201
2025-01-16,1491730
2025-01-17,1381356
2025-01-18,1512397
2025-01-19,1521368
2025-01-20,1429616
2025-01-21,1329125
2025-01-22,1270834
2025-01-23,1283376
2025-01-24,1293432
2025-01-25,1401340
2025-01-26,1502810
2025-01-27,1306098
2025-01-28,1212889
2025-01-29,1181861
2025-01-30,1187087
2025-01-31,1203739
2025-02-01,1323255
2025-02-02,1391946
2025-02-03,1159470
2025-02-04,1137615
2025-02-05,1138221
2025-02-06,1101974
2025-02-07,1104743
2025-02-08,1217786
2025-02-09,1272186
2025-02-10,1084771
2025-02-11,1094352
2025-02-12,1099079
2025-02-13,1158441
2025-02-14,1092466
2025-02-15,1203487
2025-02-16,1329272
2025-02-17,1339391
2025-02-18,1272491
2025-02-19,1254222
2025-02-20,1191462
2025-02-21,1194584
2025-02-22,1288371
2025-02-23,1299132
2025-02-24,1164600
2025-02-25,1116164
2025-02-26,1105009
2025-02-27,1091762
2025-02-28,1093246
2025-03-01,1226663
2025-03-02,1346414
2025-03-03,1544669
2025-03-04,1483734
2025-03-05,1286977
2025-03-06,1258548
2025-03-07,1202696
2025-03-08,1411099
2025-03-09,1366515
2025-03-10,1195874
2025-03-11,1095667
2025-03-12,1115218
2025-03-13,1117510
2025-03-14,1134095
2025-03-15,1267794
2025-03-16,1342794
2025-03-17,1238880
2025-03-18,1154790
2025-03-19,1110162
2025-03-20,1088801
2025-03-21,1084268
2025-03-22,1223658
2025-03-23,1268163
2025-03-24,1193289
2025-03-25,1118207
2025-03-26,1192530
2025-03-27,1063016
2025-03-28,1096490
2025-03-29,1179166
2025-03-30,1255546
2025-03-31,1081104
2025-04-01,1222239
2025-04-02,1021442
2025-04-03,1035611
2025-04-04,1101923
2025-04-05,1294221
2025-04-06,1353698
2025-04-07,1323359
2025-04-08,1301829
2025-04-09,1058130
2025-04-10,1057189
2025-04-11,1068759
2025-04-12,1134114
2025-04-13,1209575
2025-04-14,1302041
2025-04-15,1378571
2025-04-16,1099004
2025-04-17,1116323
2025-04-18,1158015
2025-04-19,1151789
2025-04-20,1326249
2025-04-21,1308419
2025-04-22,1415117
2025-04-23,1133133
2025-04-24,1094362
2025-04-25,1149697
2025-04-26,1232839
2025-04-27,1324801
2025-04-28,1146210
2025-04-29,1090193
2025-04-30,1083534
2025-05-01,1100618
2025-05-02,1111031
2025-05-03,1204068
2025-05-04,1255350
2025-05-05,1180285
2025-05-06,1126269
2025-05-07,1077907
2025-05-08,1068709
2025-05-09,1098244
2025-05-10,1158765
2025-05-11,1185204
2025-05-12,1452511
2025-05-13,1291438
2025-05-14,1178131
2025-05-15,1153684
2025-05-16,1197517
2025-05-17,1235671
2025-05-18,1301811
2025-05-19,1171621
2025-05-20,1168482
2025-05-21,1165370
2025-05-22,1122881
2025-05-23,1211593
2025-05-24,1258491
2025-05-25,1323555
2025-05-26,1334472
2025-05-27,1274511
2025-05-28,1257511
2025-05-29,1229983
2025-05-30,1163028
2025-05-31,1238566
2025-06-01,1350938
2025-06-02,1262085
2025-06-03,1184620
2025-06-04,1313153
2025-06-05,1252866
2025-06-06,1247755
2025-06-07,1335995
2025-06-08,1385957
2025-06-09,1284257
2025-06-10,1213719
2025-06-11,1144687
2025-06-12,953416
2025-06-13,1028924
2025-06-14,1134745
2025-06-15,1185349
2025-06-16,1366413
2025-06-17,1245786
2025-06-18,1139858
2025-06-19,1136628
2025-06-20,1094840
2025-06-21,1216511
2025-06-22,1198042
2025-06-23,1097683
2025-06-24,1138732
2025-06-25,1054204
2025-06-26,1108322
2025-06-27,1233403
2025-06-28,1121735
2025-06-29,1157747
2025-06-30,1177457
2025-07-01,1332842
2025-07-02,1010667
2025-07-03,1079039
2025-07-04,1027566
2025-07-05,1071692
2025-07-06,1191712
2025-07-07,1086804
2025-07-08,1051267
2025-07-09,1032632
2025-07-10,990138
2025-07-11,974104
2025-07-12,1071136
2025-07-13,1147301
2025-07-14,1080677
2025-07-15,1052912
2025-07-16,1037503
2025-07-17,1010315
2025-07-18,993794
2025-07-19,1074870
2025-07-20,1158269
2025-07-21,1055955
2025-07-22,1048452
2025-07-23,1028191
2025-07-24,985562
2025-07-25,1038154
2025-07-26,1099774
2025-07-27,1181538
2025-07-28,1246294
2025-07-29,1187932
2025-07-30,1153704
2025-07-31,1101565
2025-08-01,1129462
2025-08-02,1187526
2025-08-03,1305997
2025-08-04,1286162
2025-08-05,1234051
2025-08-06,1180016
2025-08-07,1151180
2025-08-08,1132005
2025-08-09,1196046
2025-08-10,1293688
2025-08-11,1161076
2025-08-12,1173209
2025-08-13,1153131
2025-08-14,1142568
2025-08-15,1163461
2025-08-16,1240107
2025-08-17,1298825
2025-08-18,1196028
2025-08-19,1248294
2025-08-20,1190156
2025-08-21,1183907
2025-08-22,1166790
2025-08-23,1225635
2025-08-24,1230454
2025-08-25,1276536
2025-08-26,1497386
2025-08-27,1200345
2025-08-28,1198069
2025-08-29,1265474
2025-08-30,1268096
2025-08-31,1343234
2025-09-01,1314098
2025-09-02,1218080
2025-09-03,1274567
2025-09-04,1288844
2025-09-05,1636007
2025-09-06,1673763
2025-09-07,1813939
2025-09-08,1829948
2025-09-09,1852037
2025-09-10,1501324
2025-09-11,1588773
2025-09-12,1623194
2025-09-13,1766785
2025-09-14,1892214
2025-09-15,2614129
2025-09-16,3691574
2025-09-17,3930196
2025-09-18,3785286
2025-09-19,3788888
2025-09-20,3971847
2025-09-21,4125097
2025-09-22,3274386
2025-09-23,3081942
2025-09-24,3015716
2025-09-25,2882574
2025-09-26,2828129
2025-09-27,2909776
2025-09-28,2879660
2025-09-29,2565875
2025-09-30,2482317
2025-10-01,2381420
2025-10-02,2398153
2025-10-03,2267175
2025-10-04,2346346
2025-10-05,2370178
2025-10-06,2144576
2025-10-07,2068465
2025-10-08,1980386
2025-10-09,1858898
2025-10-10,1786477
2025-10-11,1836636
2025-10-12,1879015
2025-10-13,1884644
2025-10-14,1588234
2025-10-15,1516786
2025-10-16,1434766
2025-10-17,1367489
2025-10-18,1423438
2025-10-19,1509163
2025-10-20,1316385
2025-10-21,1279730
2025-10-22,1251044
2025-10-23,1205006
2025-10-24,1213075
2025-10-25,1417566
2025-10-26,1374659
2025-10-27,1209763
2025-10-28,1222794
2025-10-29,1145707
2025-10-30,1116499
2025-10-31,1144835
2025-11-01,1191146
2025-11-02,1272324
2025-11-03,1149356
2025-11-04,1137248
2025-11-05,1139983
2025-11-06,1104108
2025-11-07,1165111
2025-11-08,1125546
2025-11-09,1218720
2025-11-10,1111507
2025-11-11,1074204
2025-11-12,1160358
2025-11-13,1228411
2025-11-14,1076295
2025-11-15,1079459
2025-11-16,1149969
2025-11-17,1008122
2025-11-18,931553
2025-11-19,1028520
2025-11-20,973066
2025-11-21,995711
2025-11-22,1110010
2025-11-23,1154448
2025-11-24,1317064
2025-11-25,1400733
2025-11-26,1236173
2025-11-27,1137788
2025-11-28,1107499
2025-11-29,1180062
2025-11-30,1223361
2025-12-01,1293448
2025-12-02,1244901
2025-12-03,1144471
2025-12-04,1097449
2025-12-05,1086664
2025-12-06,1211400
2025-12-07,1272285
2025-12-08,1236467
2025-12-09,1117805
2025-12-10,1096402
2025-12-11,1086800
2025-12-12,1072998
2025-12-13,1303967
2025-12-14,1210066
2025-12-15,1151642
2025-12-16,1079847
2025-12-17,1109426
2025-12-18,1057478
2025-12-19,1054142
2025-12-20,1139885
2025-12-21,1191716
2025-12-22,1180447
2025-12-23,1147246
2025-12-24,1123557
2025-12-25,1073929
2025-12-26,1123157
2025-12-27,1215478
2025-12-28,1261739
2025-12-29,1225484
2025-12-30,1190012
2025-12-31,1165908